P_rogue1_fine,R_rogue1_fine,F1_rogue1_fine,P_rougeL_fine,R_rougeL_fine,F1_rougeL_fine,P_rogue1_mini,R_rogue1_mini,F1_rogue1_mini,P_rougeL_mini,R_rougeL_mini,F1_rougeL_mini
18.0,18.0,18.0,18.0,18.0,18.0,18.0,18.0,18.0,18.0,18.0,18.0
0.5666596135841099,0.40547074268307504,0.45874364673907003,0.5052542962568987,0.36530790099288546,0.4108273284604757,0.1686406338156755,0.5173148440189205,0.23674403909866776,0.1686406338156755,0.5173148440189205,0.23674403909866776
0.3409333690898214,0.31300519191792014,0.3138789540092883,0.33688801909477867,0.31558402597623136,0.3145849917368201,0.12771656776375276,0.27013475078019406,0.15528443134247383,0.12771656776375276,0.27013475078019406,0.15528443134247383
0.0,0.0,0.0,0.0,0.0,0.0,0.0,0.0,0.0,0.0,0.0,0.0
0.31211180124223603,0.21146616541353383,0.2532467532467533,0.29150197628458496,0.18592436974789917,0.22738095238095238,0.07199248120300751,0.42293233082706766,0.12336826622540907,0.07199248120300751,0.42293233082706766,0.12336826622540907
0.5835913312693499,0.316958041958042,0.4220354808590103,0.424812030075188,0.2403846153846154,0.32166199813258634,0.14735576923076923,0.4822649572649573,0.24696356275303644,0.14735576923076923,0.4822649572649573,0.24696356275303644
0.878125,0.5270588235294118,0.616635397123202,0.7375,0.40497737556561086,0.5462962962962963,0.28944805194805195,0.7430769230769231,0.3934065934065934,0.28944805194805195,0.7430769230769231,0.3934065934065934
1.0,1.0,1.0,1.0,1.0,1.0,0.3855421686746988,1.0,0.4444444444444444,0.3855421686746988,1.0,0.4444444444444444
