P_rogue1_fine,R_rogue1_fine,F1_rogue1_fine,P_rougeL_fine,R_rougeL_fine,F1_rougeL_fine,P_rogue1_mini,R_rogue1_mini,F1_rogue1_mini,P_rougeL_mini,R_rougeL_mini,F1_rougeL_mini
18.0,18.0,18.0,18.0,18.0,18.0,18.0,18.0,18.0,18.0,18.0,18.0
0.5326205253127339,0.36310667660305346,0.40164640819033587,0.48627419645544,0.3223499829478091,0.3596363743284501,0.1599071314775825,0.585096197415038,0.2402644796714527,0.1599071314775825,0.585096197415038,0.2402644796714527
0.23617570775471516,0.1890438359121076,0.1565037819336288,0.2612359409901715,0.20202462386322234,0.17460991862761316,0.0775298073849681,0.18973646524725057,0.09797751670506875,0.0775298073849681,0.18973646524725057,0.09797751670506875
0.125,0.05128205128205128,0.09302325581395347,0.0625,0.05128205128205128,0.08,0.05063291139240506,0.15384615384615385,0.0909090909090909,0.05063291139240506,0.15384615384615385,0.0909090909090909
0.4159663865546218,0.2727272727272727,0.3083333333333333,0.2932330827067669,0.18636363636363637,0.24166666666666664,0.10627126883811376,0.475,0.1791179117911791,0.10627126883811376,0.475,0.1791179117911791
0.5,0.3660714285714286,0.4065934065934066,0.5,0.31009615384615385,0.36130536130536134,0.14983193277310924,0.599025974025974,0.2242567248702218,0.14983193277310924,0.599025974025974,0.2242567248702218
0.61875,0.3978260869565218,0.4903846153846154,0.5846153846153845,0.3854166666666667,0.44805194805194803,0.19361772486772486,0.6521739130434783,0.30509355509355507,0.19361772486772486,0.6521739130434783,0.30509355509355507
1.0,1.0,0.7000000000000001,1.0,1.0,0.7000000000000001,0.3333333333333333,1.0,0.430379746835443,0.3333333333333333,1.0,0.430379746835443
